{
  "theta": [
    -0.8200162643156012,
    0.08470687222787601,
    -0.20931952542717003,
    -0.23704630181500058,
    -0.4519681526226832,
    0.07183243937642157,
    -0.34341332875612957,
    0.07530249068560249,
    0.3358403323447045,
    -0.02679687601055622,
    -0.1068090674568169,
    -0.027548706710691928,
    0.18605662541519719,
    0.38214697982103135,
    -0.14919249550567582,
    0.02310844918416788
  ],
  "b": 1.2467367842201846
}
